model_name,stimuli_name,neural_response_shape,layer_name,ceiling_score,brain_score_std,brain_score
beit_base_patch16_224.in22k_ft_in22k_in1k,MajajHong2015public,"(3200, 168)",blocks.8.norm2,0.815799356,0.017195399,0.559046512
beitv2_base_patch16_224.in1k_ft_in1k,MajajHong2015public,"(3200, 168)",blocks.8.norm2,0.815799356,0.011426649,0.520762762
beitv2_base_patch16_224.in1k_ft_in22k_in1k,MajajHong2015public,"(3200, 168)",blocks.8.norm2,0.815799356,0.014044378,0.548652495
beit_base_patch16_384.in22k_ft_in22k_in1k,MajajHong2015public,"(3200, 168)",blocks.8.norm2,0.815799356,0.017341478,0.559408919
beit_large_patch16_224.in22k_ft_in22k_in1k,MajajHong2015public,"(3200, 168)",blocks.12,0.815799356,0.009829311,0.53425552
beit_large_patch16_384.in22k_ft_in22k_in1k,MajajHong2015public,"(3200, 168)",blocks.12.mlp.fc1,0.815799356,0.010155576,0.539756343
beit_large_patch16_512.in22k_ft_in22k_in1k,MajajHong2015public,"(3200, 168)",blocks.12,0.815799356,0.009612329,0.540239871
beitv2_large_patch16_224.in1k_ft_in1k,MajajHong2015public,"(3200, 168)",blocks.19.norm1,0.815799356,0.0101578,0.519306464
beitv2_large_patch16_224.in1k_ft_in22k_in1k,MajajHong2015public,"(3200, 168)",blocks.16.attn,0.815799356,0.012588018,0.532983808
caformer_m36.sail_in1k,MajajHong2015public,"(3200, 168)",stages.2.blocks.6.norm2,0.815799356,0.013611403,0.533664494
caformer_m36.sail_in22k_ft_in1k,MajajHong2015public,"(3200, 168)",stages.2.blocks.11.norm2,0.815799356,0.015758198,0.522990583
caformer_s18.sail_in1k,MajajHong2015public,"(3200, 168)",stages.2.blocks.4,0.815799356,0.014759471,0.510610207
caformer_s18.sail_in22k_ft_in1k,MajajHong2015public,"(3200, 168)",stages.2.blocks.4.norm2,0.815799356,0.016872414,0.520576603
caformer_s36.sail_in1k,MajajHong2015public,"(3200, 168)",stages.2.blocks.6.norm2,0.815799356,0.015770763,0.52091112
caformer_s36.sail_in22k_ft_in1k,MajajHong2015public,"(3200, 168)",stages.2.blocks.6.norm2,0.815799356,0.015670285,0.520680875
cait_s24_224.fb_dist_in1k,MajajHong2015public,"(3200, 168)",blocks.18.norm2,0.815799356,0.015476866,0.494554119
cait_xxs24_224.fb_dist_in1k,MajajHong2015public,"(3200, 168)",blocks.20.mlp.drop1,0.815799356,0.013538423,0.495641686
cait_xxs36_224.fb_dist_in1k,MajajHong2015public,"(3200, 168)",blocks.30.mlp.drop1,0.815799356,0.012195092,0.507458208
coat_lite_medium.in1k,MajajHong2015public,"(3200, 168)",serial_blocks3.9.norm2,0.815799356,0.014195709,0.521433273
coat_lite_mini.in1k,MajajHong2015public,"(3200, 168)",cpe4.proj,0.815799356,0.01277667,0.501839869
coat_lite_small.in1k,MajajHong2015public,"(3200, 168)",serial_blocks3.2.mlp.drop1,0.815799356,0.01412737,0.495038815
coat_lite_tiny.in1k,MajajHong2015public,"(3200, 168)",serial_blocks3.0.mlp.drop1,0.815799356,0.012819042,0.490253872
coat_mini.in1k,MajajHong2015public,"(3200, 168)",parallel_blocks.2.mlp2.drop1,0.815799356,0.012429525,0.501501195
coat_small.in1k,MajajHong2015public,"(3200, 168)",parallel_blocks.0.mlp2.drop1,0.815799356,0.011938515,0.494757269
coat_tiny.in1k,MajajHong2015public,"(3200, 168)",cpe4.proj,0.815799356,0.011082901,0.479351736
coatnet_0_rw_224.sw_in1k,MajajHong2015public,"(3200, 168)",stages.2.blocks.6.norm1,0.815799356,0.018287509,0.523868015
coatnet_1_rw_224.sw_in1k,MajajHong2015public,"(3200, 168)",stages.2.blocks.10,0.815799356,0.011624552,0.533207381
coatnet_bn_0_rw_224.sw_in1k,MajajHong2015public,"(3200, 168)",stages.3.blocks.0.norm1,0.815799356,0.013200692,0.519155204
coatnet_nano_rw_224.sw_in1k,MajajHong2015public,"(3200, 168)",stages.3.blocks.0.drop_path1,0.815799356,0.012273896,0.508706593
coatnet_rmlp_1_rw_224.sw_in1k,MajajHong2015public,"(3200, 168)",stages.2.blocks.12,0.815799356,0.011442728,0.535668929
coatnet_rmlp_1_rw2_224.sw_in12k_ft_in1k,MajajHong2015public,"(3200, 168)",stages.2.blocks.5,0.815799356,0.017475704,0.509585269
coatnet_rmlp_nano_rw_224.sw_in1k,MajajHong2015public,"(3200, 168)",stages.3.blocks.0.mlp.fc1,0.815799356,0.006650686,0.520437978
convit_base.fb_in1k,MajajHong2015public,"(3200, 168)",blocks.8,0.815799356,0.012506983,0.527740908
convit_small.fb_in1k,MajajHong2015public,"(3200, 168)",blocks.8,0.815799356,0.015890173,0.508179388
convit_tiny.fb_in1k,MajajHong2015public,"(3200, 168)",blocks.8,0.815799356,0.010870998,0.470279823
convmixer_1024_20_ks9_p14.in1k,MajajHong2015public,"(3200, 168)",blocks.13.0.fn,0.815799356,0.011917974,0.513443506
convmixer_1536_20.in1k,MajajHong2015public,"(3200, 168)",blocks.13.0.fn,0.815799356,0.008073679,0.534432938
mobilenetv2_050.lamb_in1k,MajajHong2015public,"(3200, 168)",blocks.5.1.bn2.drop,0.815799356,0.015402025,0.530125238
mobilenetv2_100.ra_in1k,MajajHong2015public,"(3200, 168)",blocks.5.1.bn2.drop,0.815799356,0.01304101,0.547932161
mobilenetv2_110d.ra_in1k,MajajHong2015public,"(3200, 168)",blocks.5.2.bn2.drop,0.815799356,0.010223259,0.541889778
repvgg_b0.rvgg_in1k,MajajHong2015public,"(3200, 168)",stages.2.12.act,0.815799356,0.015228102,0.520945853
focalnet_base_srf.ms_in1k,MajajHong2015public,"(3200, 168)",layers.2.blocks.10.modulation.focal_layers.1,0.815799356,0.014683211,0.53232431
mobilenetv2_120d.ra_in1k,MajajHong2015public,"(3200, 168)",blocks.4.4.bn2.act,0.815799356,0.015470526,0.529608652
repvgg_b1.rvgg_in1k,MajajHong2015public,"(3200, 168)",stages.2.10,0.815799356,0.01474988,0.531517706
mobilenetv2_140.ra_in1k,MajajHong2015public,"(3200, 168)",blocks.5.1.bn2.drop,0.815799356,0.010446141,0.539973524
swin_base_patch4_window7_224.ms_in1k,MajajHong2015public,"(3200, 168)",layers.2.blocks.3.mlp.drop1,0.815799356,0.011235325,0.543514955
vit_base_patch16_224_miil.in21k_ft_in1k,MajajHong2015public,"(3200, 168)",blocks.4.attn.proj_drop,0.815799356,0.011768743,0.519649937
mobilenetv3_large_100.miil_in21k_ft_in1k,MajajHong2015public,"(3200, 168)",blocks.5.2.bn1.act,0.815799356,0.010661067,0.519482972
repvgg_b1g4.rvgg_in1k,MajajHong2015public,"(3200, 168)",stages.2.12.act,0.815799356,0.010773138,0.536903269
convmixer_768_32.in1k,MajajHong2015public,"(3200, 168)",blocks.27.0,0.815799356,0.010547374,0.531345846
tresnet_l.miil_in1k,MajajHong2015public,"(3200, 168)",body.layer4.2,0.815799356,0.008240478,0.494313381
vit_base_patch16_224.augreg_in1k,MajajHong2015public,"(3200, 168)",blocks.9.attn.qkv,0.815799356,0.015241705,0.515609644
mobilenetv3_large_100.ra_in1k,MajajHong2015public,"(3200, 168)",blocks.5.2.bn1.act,0.815799356,0.013489124,0.522062948
swin_base_patch4_window7_224.ms_in22k_ft_in1k,MajajHong2015public,"(3200, 168)",layers.2.blocks.6.mlp.act,0.815799356,0.015925367,0.535451278
davit_base.msft_in1k,MajajHong2015public,"(3200, 168)",stages.2.blocks.4.0.mlp.drop1,0.815799356,0.011688347,0.532297331
repvgg_b2.rvgg_in1k,MajajHong2015public,"(3200, 168)",stages.2.12.act,0.815799356,0.013131559,0.54589081
mobilenetv3_rw.rmsp_in1k,MajajHong2015public,"(3200, 168)",blocks.5.2.bn1.act,0.815799356,0.01603895,0.529068273
focalnet_small_srf.ms_in1k,MajajHong2015public,"(3200, 168)",layers.2.blocks.15.modulation.focal_layers.1,0.815799356,0.013484846,0.519905222
vit_base_patch16_224.augreg_in21k_ft_in1k,MajajHong2015public,"(3200, 168)",blocks.4.attn.proj_drop,0.815799356,0.01858039,0.511151234
tresnet_m.miil_in1k,MajajHong2015public,"(3200, 168)",body.layer4.0,0.815799356,0.008681269,0.517366495
mobilenetv3_small_075.lamb_in1k,MajajHong2015public,"(3200, 168)",blocks.4.1.conv_dw,0.815799356,0.015110523,0.530341648
davit_small.msft_in1k,MajajHong2015public,"(3200, 168)",stages.2.blocks.4.0.mlp.drop1,0.815799356,0.01403447,0.528345431
vit_base_patch16_224.augreg2_in21k_ft_in1k,MajajHong2015public,"(3200, 168)",blocks.4.attn.proj_drop,0.815799356,0.016648898,0.484609275
mobilenetv3_small_100.lamb_in1k,MajajHong2015public,"(3200, 168)",blocks.4.1.conv_dw,0.815799356,0.01532752,0.544633915
davit_tiny.msft_in1k,MajajHong2015public,"(3200, 168)",stages.3.blocks.0.0.attn.qkv,0.815799356,0.013146771,0.534955066
repvgg_b2g4.rvgg_in1k,MajajHong2015public,"(3200, 168)",stages.2.10,0.815799356,0.008351339,0.531128976
swin_s3_base_224.ms_in1k,MajajHong2015public,"(3200, 168)",layers.2.blocks.15.norm2,0.815799356,0.014770283,0.534669928
deit_base_distilled_patch16_224.fb_in1k,MajajHong2015public,"(3200, 168)",blocks.11.norm2,0.815799356,0.010865913,0.531436397
tresnet_m.miil_in21k_ft_in1k,MajajHong2015public,"(3200, 168)",body.layer4.0.act,0.815799356,0.012027205,0.524558006
focalnet_tiny_srf.ms_in1k,MajajHong2015public,"(3200, 168)",layers.2.blocks.5.modulation.focal_layers.1,0.815799356,0.012590032,0.537530676
vit_base_patch16_224.orig_in21k_ft_in1k,MajajHong2015public,"(3200, 168)",blocks.4.attn.proj_drop,0.815799356,0.013072607,0.517820076
deit_base_patch16_224.fb_in1k,MajajHong2015public,"(3200, 168)",blocks.9.attn.qkv,0.815799356,0.012034033,0.517256537
deit_small_distilled_patch16_224.fb_in1k,MajajHong2015public,"(3200, 168)",blocks.11.norm2,0.815799356,0.007201666,0.495279748
mvitv2_base.fb_in1k,MajajHong2015public,"(3200, 168)",stages.2.blocks.14.norm2,0.815799356,0.015299369,0.51473972
deit_small_patch16_224.fb_in1k,MajajHong2015public,"(3200, 168)",blocks.11.norm2,0.815799356,0.012027913,0.497713378
vit_base_patch16_224.sam_in1k,MajajHong2015public,"(3200, 168)",blocks.11.norm2,0.815799356,0.007525648,0.539487207
repvgg_b3g4.rvgg_in1k,MajajHong2015public,"(3200, 168)",stages.2.10,0.815799356,0.010168042,0.537919908
deit_tiny_distilled_patch16_224.fb_in1k,MajajHong2015public,"(3200, 168)",blocks.11.norm2,0.815799356,0.011922197,0.468717541
swin_s3_small_224.ms_in1k,MajajHong2015public,"(3200, 168)",layers.2.blocks.14.norm1,0.815799356,0.013884555,0.523245657
deit_tiny_patch16_224.fb_in1k,MajajHong2015public,"(3200, 168)",blocks.9.attn.qkv,0.815799356,0.012023535,0.454423522
vit_base_patch16_rpn_224.sw_in1k,MajajHong2015public,"(3200, 168)",blocks.10.attn.qkv,0.815799356,0.009834749,0.527918706
deit3_base_patch16_224.fb_in1k,MajajHong2015public,"(3200, 168)",blocks.9.attn.qkv,0.815799356,0.009728803,0.501021333
mvitv2_small.fb_in1k,MajajHong2015public,"(3200, 168)",stages.2.blocks.7.norm1,0.815799356,0.01243447,0.489760262
swin_s3_tiny_224.ms_in1k,MajajHong2015public,"(3200, 168)",layers.2.blocks.3.mlp.drop1,0.815799356,0.015348243,0.525826005
res2net50_14w_8s.in1k,MajajHong2015public,"(3200, 168)",layer4.2.bn3,0.815799356,0.015517346,0.457164355
deit3_base_patch16_224.fb_in22k_ft_in1k,MajajHong2015public,"(3200, 168)",blocks.4.attn.proj_drop,0.815799356,0.016838552,0.502473148
tresnet_v2_l.miil_in21k_ft_in1k,MajajHong2015public,"(3200, 168)",body.layer4.2.conv1.conv,0.815799356,0.009687545,0.487897194
mvitv2_tiny.fb_in1k,MajajHong2015public,"(3200, 168)",stages.3.blocks.0.mlp.fc1,0.815799356,0.012164391,0.504573106
deit3_medium_patch16_224.fb_in1k,MajajHong2015public,"(3200, 168)",blocks.9.attn.qkv,0.815799356,0.011153168,0.487902887
res2net50_26w_4s.in1k,MajajHong2015public,"(3200, 168)",layer3.4.conv1,0.815799356,0.015953476,0.511829439
deit3_medium_patch16_224.fb_in22k_ft_in1k,MajajHong2015public,"(3200, 168)",blocks.4.attn.proj_drop,0.815799356,0.01798868,0.498937926
vit_base_patch8_224.augreg_in21k_ft_in1k,MajajHong2015public,"(3200, 168)",blocks.4.attn.proj_drop,0.815799356,0.013938529,0.516562778
swin_small_patch4_window7_224.ms_in1k,MajajHong2015public,"(3200, 168)",layers.2.blocks.6.mlp.act,0.815799356,0.016694789,0.53374072
deit3_small_patch16_224.fb_in1k,MajajHong2015public,"(3200, 168)",blocks.10.attn.proj,0.815799356,0.011874708,0.470528415
pit_b_224.in1k,MajajHong2015public,"(3200, 168)",transformers.1.blocks.4.mlp.act,0.815799356,0.012574334,0.514135184
focalnet_base_lrf.ms_in1k,MajajHong2015public,"(3200, 168)",layers.2.blocks.11.modulation.focal_layers.1,0.815799356,0.010563323,0.532420196
deit3_small_patch16_224.fb_in22k_ft_in1k,MajajHong2015public,"(3200, 168)",blocks.4.attn.proj_drop,0.815799356,0.019000819,0.485363438
res2net50_26w_6s.in1k,MajajHong2015public,"(3200, 168)",layer3.3,0.815799356,0.015578156,0.532321342
vit_base_patch8_224.augreg2_in21k_ft_in1k,MajajHong2015public,"(3200, 168)",blocks.4.attn.proj_drop,0.815799356,0.014265822,0.483316214
swin_small_patch4_window7_224.ms_in22k_ft_in1k,MajajHong2015public,"(3200, 168)",layers.2.blocks.15.norm2,0.815799356,0.011368151,0.524948351
densenet121.tv_in1k,MajajHong2015public,"(3200, 168)",features.denseblock3.denselayer22.norm1.drop,0.815799356,0.007410885,0.540806803
pit_b_distilled_224.in1k,MajajHong2015public,"(3200, 168)",transformers.1.blocks.4.mlp.act,0.815799356,0.01505524,0.523270484
tresnet_xl.miil_in1k,MajajHong2015public,"(3200, 168)",body.layer4.0,0.815799356,0.010174196,0.518845741
vit_small_patch16_224.augreg_in1k,MajajHong2015public,"(3200, 168)",blocks.11.norm2,0.815799356,0.005878497,0.485076283
res2net50_26w_8s.in1k,MajajHong2015public,"(3200, 168)",layer4.2.bn3,0.815799356,0.015166527,0.459839789
swin_tiny_patch4_window7_224.ms_in1k,MajajHong2015public,"(3200, 168)",layers.2.blocks.3.mlp.drop1,0.815799356,0.012188428,0.529319817
pit_s_224.in1k,MajajHong2015public,"(3200, 168)",transformers.1_1,0.815799356,0.017403957,0.541400004
res2net50_48w_2s.in1k,MajajHong2015public,"(3200, 168)",layer4.2,0.815799356,0.014113371,0.481985098
densenet161.tv_in1k,MajajHong2015public,"(3200, 168)",features.denseblock4.denselayer13.norm1.drop,0.815799356,0.011805813,0.538705472
swin_tiny_patch4_window7_224.ms_in22k_ft_in1k,MajajHong2015public,"(3200, 168)",layers.2.blocks.3.mlp.drop1,0.815799356,0.016189839,0.525862614
vit_small_patch16_224.augreg_in21k_ft_in1k,MajajHong2015public,"(3200, 168)",blocks.5.mlp,0.815799356,0.012293854,0.494156371
pit_s_distilled_224.in1k,MajajHong2015public,"(3200, 168)",transformers.1_1,0.815799356,0.013688354,0.545484345
resnest50d_1s4x24d.in1k,MajajHong2015public,"(3200, 168)",layer3.2.act2,0.815799356,0.011251072,0.51074408
pit_ti_224.in1k,MajajHong2015public,"(3200, 168)",transformers.1_1,0.815799356,0.013256677,0.515114757
twins_pcpvt_base.in1k,MajajHong2015public,"(3200, 168)",blocks.3.0.norm1,0.815799356,0.009067856,0.505898705
vit_srelpos_medium_patch16_224.sw_in1k,MajajHong2015public,"(3200, 168)",blocks.10.norm1,0.815799356,0.012424179,0.511854982
densenet169.tv_in1k,MajajHong2015public,"(3200, 168)",features.denseblock4.denselayer6.norm1,0.815799356,0.012716145,0.540453468
focalnet_small_lrf.ms_in1k,MajajHong2015public,"(3200, 168)",layers.2.blocks.15.modulation.act,0.815799356,0.014126879,0.539573112
resnest50d_4s2x40d.in1k,MajajHong2015public,"(3200, 168)",layer4.0.conv2.fc1,0.815799356,0.017043043,0.50032633
pit_ti_distilled_224.in1k,MajajHong2015public,"(3200, 168)",transformers.1_1,0.815799356,0.016385322,0.523039151
vit_srelpos_small_patch16_224.sw_in1k,MajajHong2015public,"(3200, 168)",blocks.10.norm1,0.815799356,0.012254057,0.511247521
resnest50d.in1k,MajajHong2015public,"(3200, 168)",layer3.4.conv1,0.815799356,0.009401097,0.490569699
pit_xs_224.in1k,MajajHong2015public,"(3200, 168)",transformers.1_1,0.815799356,0.013309818,0.522517601
densenet201.tv_in1k,MajajHong2015public,"(3200, 168)",features.denseblock3.denselayer36.norm1,0.815799356,0.01580582,0.538667487
resnet101.a3_in1k,MajajHong2015public,"(3200, 168)",layer4.1.act2,0.815799356,0.012510413,0.483559732
resnet10t.c3_in1k,MajajHong2015public,"(3200, 168)",layer4,0.815799356,0.010233114,0.525392285
vit_tiny_patch16_224.augreg_in21k_ft_in1k,MajajHong2015public,"(3200, 168)",blocks.4.attn.proj_drop,0.815799356,0.021999123,0.480949341
resnet14t.c3_in1k,MajajHong2015public,"(3200, 168)",layer4.0.act3,0.815799356,0.010084687,0.514373653
pit_xs_distilled_224.in1k,MajajHong2015public,"(3200, 168)",transformers.1_1,0.815799356,0.011023094,0.543570865
focalnet_tiny_lrf.ms_in1k,MajajHong2015public,"(3200, 168)",layers.3.blocks.0.norm2,0.815799356,0.010450405,0.5407998
dla102.in1k,MajajHong2015public,"(3200, 168)",level4.tree2.tree2.tree2,0.815799356,0.01453683,0.540337095
twins_pcpvt_large.in1k,MajajHong2015public,"(3200, 168)",pos_block.3.proj.0,0.815799356,0.012968392,0.496633085
vit_tiny_r_s16_p8_224.augreg_in21k_ft_in1k,MajajHong2015public,"(3200, 168)",blocks.6.norm2,0.815799356,0.019564019,0.484876584
resnet152.a3_in1k,MajajHong2015public,"(3200, 168)",layer3.20.act3,0.815799356,0.010970518,0.523996775
dla169.in1k,MajajHong2015public,"(3200, 168)",level4.tree1.tree2.tree2.tree1.root,0.815799356,0.013213765,0.513485076
resnet18.a3_in1k,MajajHong2015public,"(3200, 168)",layer4.0.conv1,0.815799356,0.019163582,0.487112377
resnet18.fb_ssl_yfcc100m_ft_in1k,MajajHong2015public,"(3200, 168)",layer4.0.conv2,0.815799356,0.015493439,0.534406134
dla34.in1k,MajajHong2015public,"(3200, 168)",level5.tree1,0.815799356,0.011904827,0.545211429
resnet18.fb_swsl_ig1b_ft_in1k,MajajHong2015public,"(3200, 168)",layer4.0.conv2,0.815799356,0.013721144,0.529504
twins_pcpvt_small.in1k,MajajHong2015public,"(3200, 168)",pos_block.3.proj.0,0.815799356,0.011802009,0.518424538
resnet18.tv_in1k,MajajHong2015public,"(3200, 168)",layer4.0.conv2,0.815799356,0.011035561,0.527738333
dla46_c.in1k,MajajHong2015public,"(3200, 168)",level5.tree1.relu,0.815799356,0.011915228,0.521162393
resnet34.a3_in1k,MajajHong2015public,"(3200, 168)",layer3.5.drop_block,0.815799356,0.01544928,0.486058661
dla60.in1k,MajajHong2015public,"(3200, 168)",level5.tree1.conv2,0.815799356,0.01846859,0.506301938
poolformer_m36.sail_in1k,MajajHong2015public,"(3200, 168)",stages.2.blocks.10.mlp.drop1,0.815799356,0.011357425,0.54050958
resnet50.a1h_in1k,MajajHong2015public,"(3200, 168)",layer4.1.act3,0.815799356,0.011584322,0.533552127
resnet50.a3_in1k,MajajHong2015public,"(3200, 168)",layer4.1.act3,0.815799356,0.014085998,0.529642167
hrnet_w18_small_v2.ms_in1k,MajajHong2015public,"(3200, 168)",stage4.1.branches.3.1,0.815799356,0.014842522,0.496580217
vit_large_patch16_224.augreg_in21k_ft_in1k,MajajHong2015public,"(3200, 168)",blocks.12.mlp.drop1,0.815799356,0.014061383,0.548184091
poolformer_s12.sail_in1k,MajajHong2015public,"(3200, 168)",stages.3.downsample.norm,0.815799356,0.011566376,0.524229832
twins_svt_base.in1k,MajajHong2015public,"(3200, 168)",blocks.2.7,0.815799356,0.011123329,0.532143712
resnet50.am_in1k,MajajHong2015public,"(3200, 168)",layer4.1.act3,0.815799356,0.011228832,0.554395428
resnet50.tv_in1k,MajajHong2015public,"(3200, 168)",layer4.1.act3,0.815799356,0.01067987,0.550780915
dpn107.mx_in1k,MajajHong2015public,"(3200, 168)",features.conv4_17.c1x1_a.bn.act,0.815799356,0.013484781,0.563216601
resnet50d.a3_in1k,MajajHong2015public,"(3200, 168)",layer4.1,0.815799356,0.014859603,0.539578454
twins_svt_small.in1k,MajajHong2015public,"(3200, 168)",blocks.3.1,0.815799356,0.013363803,0.515321287
vgg11_bn.tv_in1k,MajajHong2015public,"(3200, 168)",features.23,0.815799356,0.01308902,0.461192531
poolformer_s24.sail_in1k,MajajHong2015public,"(3200, 168)",stages.3.blocks.2.res_scale1,0.815799356,0.012420672,0.527122156
vgg11.tv_in1k,MajajHong2015public,"(3200, 168)",pre_logits.act1,0.815799356,0.013996191,0.583403026
vgg13_bn.tv_in1k,MajajHong2015public,"(3200, 168)",features.23,0.815799356,0.012683419,0.465750215
hrnet_w18_small.ms_in1k,MajajHong2015public,"(3200, 168)",stage4.0.branches.3.1.act1,0.815799356,0.014457469,0.504413905
vgg13.tv_in1k,MajajHong2015public,"(3200, 168)",features.23,0.815799356,0.009399218,0.497043206
resnetrs50.tf_in1k,MajajHong2015public,"(3200, 168)",layer2.3.act3,0.815799356,0.010952312,0.473638218
vgg16_bn.tv_in1k,MajajHong2015public,"(3200, 168)",pre_logits.fc2,0.815799356,0.013502299,0.55718156
resnet18.gluon_in1k,MajajHong2015public,"(3200, 168)",layer4.0.conv2,0.815799356,0.012430029,0.531573164
vgg16.tv_in1k,MajajHong2015public,"(3200, 168)",features.23,0.815799356,0.012106572,0.493272893
vgg19_bn.tv_in1k,MajajHong2015public,"(3200, 168)",features.48,0.815799356,0.013842325,0.513812586
resnet34.gluon_in1k,MajajHong2015public,"(3200, 168)",layer4.1.conv2,0.815799356,0.011999266,0.502743318
vgg19.tv_in1k,MajajHong2015public,"(3200, 168)",features.23,0.815799356,0.012962252,0.455943648
rexnet_100.nav_in1k,MajajHong2015public,"(3200, 168)",features.13.act_dw,0.815799356,0.01323493,0.519275057
visformer_small.in1k,MajajHong2015public,"(3200, 168)",stage2.3.mlp.drop3,0.815799356,0.01705688,0.50631184
poolformer_s36.sail_in1k,MajajHong2015public,"(3200, 168)",stages.2.blocks.16.token_mixer.pool,0.815799356,0.012667726,0.526527074
visformer_tiny.in1k,MajajHong2015public,"(3200, 168)",stage3.3,0.815799356,0.004268003,0.469926677
rexnet_130.nav_in1k,MajajHong2015public,"(3200, 168)",features.9.conv_dw.bn.drop,0.815799356,0.011110169,0.522629467
vit_large_patch16_384.augreg_in21k_ft_in1k,MajajHong2015public,"(3200, 168)",blocks.12.mlp.drop1,0.815799356,0.012711239,0.555630458
dpn131.mx_in1k,MajajHong2015public,"(3200, 168)",features.conv4_28.c1x1_a.bn.drop,0.815799356,0.011924356,0.55860475
rexnet_150.nav_in1k,MajajHong2015public,"(3200, 168)",features.9.conv_dw.bn.drop,0.815799356,0.012911724,0.521420382
dpn68.mx_in1k,MajajHong2015public,"(3200, 168)",features.conv5_2.c1x1_a.bn,0.815799356,0.01323969,0.534422794
volo_d1_384.sail_in1k,MajajHong2015public,"(3200, 168)",network.3.4.norm1,0.815799356,0.014943467,0.539494238
rexnet_200.nav_in1k,MajajHong2015public,"(3200, 168)",features.9.conv_dw.bn.drop,0.815799356,0.009842832,0.525746191
dpn68b.mx_in1k,MajajHong2015public,"(3200, 168)",features.conv5_1.c1x1_w_s2.bn.act,0.815799356,0.014322954,0.541466172
poolformerv2_m36.sail_in1k,MajajHong2015public,"(3200, 168)",stages.3.blocks.0.norm2,0.815799356,0.011241052,0.525115337
rexnet_300.nav_in1k,MajajHong2015public,"(3200, 168)",features.10.se,0.815799356,0.013333564,0.533382736
skresnet18.ra_in1k,MajajHong2015public,"(3200, 168)",layer4.1,0.815799356,0.007583554,0.492573673
poolformerv2_s12.sail_in1k,MajajHong2015public,"(3200, 168)",stages.3.blocks.0.mlp.drop1,0.815799356,0.014509414,0.54695289
dpn92.mx_in1k,MajajHong2015public,"(3200, 168)",features.conv4_19.c1x1_a.bn,0.815799356,0.008323209,0.553535361
vit_large_r50_s32_384.augreg_in21k_ft_in1k,MajajHong2015public,"(3200, 168)",blocks.14.mlp.drop1,0.815799356,0.011558515,0.551065568
skresnet34.ra_in1k,MajajHong2015public,"(3200, 168)",layer3.4,0.815799356,0.010460928,0.494750201
volo_d2_384.sail_in1k,MajajHong2015public,"(3200, 168)",network.3.9.norm2,0.815799356,0.013204975,0.54715124
hrnet_w18.ms_in1k,MajajHong2015public,"(3200, 168)",final_layer,0.815799356,0.013489328,0.510086012
dpn98.mx_in1k,MajajHong2015public,"(3200, 168)",features.conv4_20.c1x1_a.bn.act,0.815799356,0.007190796,0.552306662
vit_medium_patch16_gap_384.sw_in12k_ft_in1k,MajajHong2015public,"(3200, 168)",blocks.9.attn.qkv,0.815799356,0.014864307,0.504688994
efficientformer_l1.snap_dist_in1k,MajajHong2015public,"(3200, 168)",stages.3.blocks.4.norm1,0.815799356,0.013887526,0.523831619
poolformerv2_s24.sail_in1k,MajajHong2015public,"(3200, 168)",stages.3.blocks.1.token_mixer.pool,0.815799356,0.01066635,0.528279345
efficientformer_l3.snap_dist_in1k,MajajHong2015public,"(3200, 168)",stages.3.blocks.5.mlp.fc1,0.815799356,0.01101269,0.52466833
volo_d3_224.sail_in1k,MajajHong2015public,"(3200, 168)",network.3.0,0.815799356,0.014273704,0.547159356
vit_relpos_base_patch16_224.sw_in1k,MajajHong2015public,"(3200, 168)",blocks.10.norm2,0.815799356,0.009788911,0.534865151
tinynet_b.in1k,MajajHong2015public,"(3200, 168)",blocks.5.0.bn2.act,0.815799356,0.00748385,0.521432781
poolformerv2_s36.sail_in1k,MajajHong2015public,"(3200, 168)",stages.3.blocks.4.res_scale1,0.815799356,0.008951649,0.518684543
efficientformer_l7.snap_dist_in1k,MajajHong2015public,"(3200, 168)",stages.3.blocks.4.token_mixer.proj,0.815799356,0.010637492,0.519937421
tinynet_c.in1k,MajajHong2015public,"(3200, 168)",blocks.5.0.bn2.act,0.815799356,0.016309715,0.508898692
pvt_v2_b0.in1k,MajajHong2015public,"(3200, 168)",stages.3.blocks.1.mlp.relu,0.815799356,0.009485041,0.448046054
vit_relpos_base_patch16_clsgap_224.sw_in1k,MajajHong2015public,"(3200, 168)",blocks.10.norm2,0.815799356,0.01211867,0.54548971
edgenext_xx_small.in1k,MajajHong2015public,"(3200, 168)",stages.3.blocks.1.mlp.act,0.815799356,0.010892421,0.51312069
pvt_v2_b1.in1k,MajajHong2015public,"(3200, 168)",stages.3.blocks.1.mlp.relu,0.815799356,0.010399895,0.503836433
volo_d4_224.sail_in1k,MajajHong2015public,"(3200, 168)",network.3.12.norm2,0.815799356,0.01198741,0.555962431
ghostnet_100.in1k,MajajHong2015public,"(3200, 168)",blocks.9.0.bn1,0.815799356,0.011086888,0.517835604
spnasnet_100.rmsp_in1k,MajajHong2015public,"(3200, 168)",blocks.5.3.bn2.drop,0.815799356,0.013176158,0.544009648
vit_relpos_medium_patch16_224.sw_in1k,MajajHong2015public,"(3200, 168)",blocks.9,0.815799356,0.016315045,0.519344773
efficientformerv2_l.snap_dist_in1k,MajajHong2015public,"(3200, 168)",stages.3.blocks.1.mlp.fc1,0.815799356,0.016711513,0.525133956
resnet18_l2_eps0.01,MajajHong2015public,"(3200, 168)",layer4.0.conv2,0.815799356,0.009283675,0.539346445
resnet18_l2_eps0.03,MajajHong2015public,"(3200, 168)",layer4,0.815799356,0.010580153,0.517149845
resnet18_l2_eps0.05,MajajHong2015public,"(3200, 168)",layer4,0.815799356,0.011989451,0.522990526
pvt_v2_b2_li.in1k,MajajHong2015public,"(3200, 168)",stages.2.blocks.5.mlp.dwconv,0.815799356,0.017995955,0.505845798
resnet18_l2_eps0.1,MajajHong2015public,"(3200, 168)",layer4,0.815799356,0.010427385,0.528451052
resnet18_l2_eps0.25,MajajHong2015public,"(3200, 168)",layer4,0.815799356,0.012462564,0.534559521
efficientformerv2_s0.snap_dist_in1k,MajajHong2015public,"(3200, 168)",stages.3.blocks.0.mlp.fc1.bn.act,0.815799356,0.013701909,0.518038462
resnet18_l2_eps0.5,MajajHong2015public,"(3200, 168)",layer4,0.815799356,0.015906567,0.536758121
resnet18_l2_eps1,MajajHong2015public,"(3200, 168)",layer4,0.815799356,0.01199999,0.539924023
resnet18_l2_eps3,MajajHong2015public,"(3200, 168)",layer4,0.815799356,0.013181082,0.5172837
resnet18_l2_eps5,MajajHong2015public,"(3200, 168)",layer4,0.815799356,0.014855152,0.505038166
vit_relpos_medium_patch16_cls_224.sw_in1k,MajajHong2015public,"(3200, 168)",blocks.5.norm2,0.815799356,0.014151587,0.504071311
resnet50_l2_eps0.01,MajajHong2015public,"(3200, 168)",layer4.0.conv2,0.815799356,0.01273325,0.524829539
pvt_v2_b2.in1k,MajajHong2015public,"(3200, 168)",stages.2.blocks.5.mlp.act,0.815799356,0.01069608,0.518451445
efficientformerv2_s1.snap_dist_in1k,MajajHong2015public,"(3200, 168)",stages.3.blocks.0.mlp.mid.bn.act,0.815799356,0.011573885,0.541460744
resnet50_l2_eps0.03,MajajHong2015public,"(3200, 168)",layer4.0.conv2,0.815799356,0.015488538,0.530582432
hrnet_w30.ms_in1k,MajajHong2015public,"(3200, 168)",stage4.0_3,0.815799356,0.019753487,0.512360614
resnet50_l2_eps0.05,MajajHong2015public,"(3200, 168)",layer4.0.conv2,0.815799356,0.013767081,0.529109807
resnet50_l2_eps0.1,MajajHong2015public,"(3200, 168)",layer4.0.conv2,0.815799356,0.015953332,0.531440009
volo_d5_224.sail_in1k,MajajHong2015public,"(3200, 168)",network.3.0.mlp.fc1,0.815799356,0.014174538,0.554931292
vit_relpos_medium_patch16_rpn_224.sw_in1k,MajajHong2015public,"(3200, 168)",blocks.8.mlp.act,0.815799356,0.01572427,0.524852661
resnet50_l2_eps0.25,MajajHong2015public,"(3200, 168)",layer4.0.conv2,0.815799356,0.016565133,0.529494463
efficientformerv2_s2.snap_dist_in1k,MajajHong2015public,"(3200, 168)",stages.2.blocks.11.mlp.mid.bn.act,0.815799356,0.011594729,0.527869581
resnet50_l2_eps0.5,MajajHong2015public,"(3200, 168)",layer4.0.conv2,0.815799356,0.01507509,0.534560195
pvt_v2_b3.in1k,MajajHong2015public,"(3200, 168)",stages.2.blocks.12.norm1,0.815799356,0.014292258,0.521897121
efficientnet_b0.ra_in1k,MajajHong2015public,"(3200, 168)",blocks.5.0.bn2.act,0.815799356,0.010886154,0.521004263
resnet50_l2_eps1,MajajHong2015public,"(3200, 168)",layer4.0.conv2,0.815799356,0.014692847,0.529992711
volo_d1_224.sail_in1k,MajajHong2015public,"(3200, 168)",network.3.4.norm1,0.815799356,0.011341953,0.538346214
vit_relpos_small_patch16_224.sw_in1k,MajajHong2015public,"(3200, 168)",blocks.9,0.815799356,0.016565935,0.498327621
efficientnet_es_pruned.in1k,MajajHong2015public,"(3200, 168)",blocks.4.2.bn2.drop,0.815799356,0.008318932,0.530005289
resnet50_l2_eps3,MajajHong2015public,"(3200, 168)",layer4.0.conv2,0.815799356,0.01798006,0.515336997
efficientnet_es.ra_in1k,MajajHong2015public,"(3200, 168)",blocks.4.2.bn2.drop,0.815799356,0.011004332,0.540760671
resnet50_l2_eps5,MajajHong2015public,"(3200, 168)",layer4.0.conv2,0.815799356,0.017344315,0.498902173
efficientnet_lite0.ra_in1k,MajajHong2015public,"(3200, 168)",blocks.5.3.bn2.drop,0.815799356,0.009279248,0.538208031
volo_d2_224.sail_in1k,MajajHong2015public,"(3200, 168)",network.3.9.norm2,0.815799356,0.01137228,0.541521049
pvt_v2_b4.in1k,MajajHong2015public,"(3200, 168)",stages.2.blocks.15.norm2,0.815799356,0.015414558,0.515723154
hrnet_w32.ms_in1k,MajajHong2015public,"(3200, 168)",stage4.0_3,0.815799356,0.012321004,0.513513438
xcit_medium_24_p8_224.fb_in1k,MajajHong2015public,"(3200, 168)",blocks.17.norm3,0.815799356,0.014284107,0.527322252
xcit_nano_12_p8_224.fb_in1k,MajajHong2015public,"(3200, 168)",blocks.6,0.815799356,0.019023077,0.455802426
xcit_small_12_p8_224.fb_in1k,MajajHong2015public,"(3200, 168)",blocks.9.local_mp,0.815799356,0.013282996,0.509202055
pvt_v2_b5.in1k,MajajHong2015public,"(3200, 168)",stages.2.blocks.22.norm2,0.815799356,0.01428747,0.517230501
hrnet_w40.ms_in1k,MajajHong2015public,"(3200, 168)",stage4.0_3,0.815799356,0.010968798,0.519807344
regnetx_004_tv.tv2_in1k,MajajHong2015public,"(3200, 168)",s4.b7.conv1.bn.drop,0.815799356,0.013919472,0.504426557
xcit_small_24_p8_224.fb_in1k,MajajHong2015public,"(3200, 168)",blocks.17.norm3,0.815799356,0.014547307,0.526437489
regnetx_008.tv2_in1k,MajajHong2015public,"(3200, 168)",s4.b1.conv2.bn,0.815799356,0.011511183,0.516978836
xcit_tiny_12_p8_224.fb_in1k,MajajHong2015public,"(3200, 168)",blocks.6,0.815799356,0.013039898,0.489597362
regnetx_016.tv2_in1k,MajajHong2015public,"(3200, 168)",s4.b1.conv2.bn,0.815799356,0.011612278,0.541597887
regnety_004.tv2_in1k,MajajHong2015public,"(3200, 168)",s4.b1.conv1.bn,0.815799356,0.015859457,0.500584483
hrnet_w44.ms_in1k,MajajHong2015public,"(3200, 168)",stage4.0_3,0.815799356,0.015973275,0.527932484
xcit_tiny_24_p8_224.fb_in1k,MajajHong2015public,"(3200, 168)",blocks.12.mlp.drop1,0.815799356,0.013723672,0.511916588
regnety_008_tv.tv2_in1k,MajajHong2015public,"(3200, 168)",s4.b1.conv1.bn,0.815799356,0.01447358,0.51052844
regnety_016.tv2_in1k,MajajHong2015public,"(3200, 168)",s4.b1.conv1.bn,0.815799356,0.009722653,0.511952254